created_at,author,cleaned_tweet
2022-10-20 18:51:56+00:00,ayatemas_ku,mat 5 14 kamu adalah terang dunia kota yang terletak di atas gunung tidak mungkin tersembunyi
2022-10-20 18:50:56+00:00,FacktaWaw,kita dpt mendapatkn sinyal 4g lte walau berada di puncak gunung everest di indonesia 3g sangat sulit jk berada di wilayah yg jauh dr kota
2022-10-20 18:48:53+00:00,HiKoalabear,harus tetap stabil dan waras karena indomie goreng masih enak masih ada goals yg belum tercapai belum ketemu jodoh belum
2022-10-20 18:46:45+00:00,_emint_,nowplaying payung teduh cerita tentang gunung dan laut
2022-10-20 18:45:37+00:00,Polsekadipala2,personil polsek adipala laksanakan patroli cek bank bni dan bank gunung slamet kantor kas adipala situasi aman
2022-10-20 18:45:21+00:00,gabutdoangblok,ngeliat tmn sendiri kesurupan di gunung
2022-10-20 18:44:34+00:00,satee_yeontan,harus tetap stabil dan waras karena indomie goreng masih enak masih ada goals yg belum tercapai belum ketemu jodoh belum
2022-10-20 18:43:51+00:00,Ann2000_,harus tetap stabil dan waras karena indomie goreng masih enak masih ada goals yg belum tercapai belum ketemu jodoh belum
2022-10-20 18:43:25+00:00,linglanguage_,harus tetap stabil dan waras karena indomie goreng masih enak masih ada goals yg belum tercapai belum ketemu jodoh belum
2022-10-20 18:40:26+00:00,syoucho,eh emang aku sejelek itu dulu gilirannya yang sweatdrop mendengar deskripsi ace ace memang dekil seengaknya begitu aku ngeliat kamu dulu maksudnya kita kan tinggal di gunung jadi gak mungkin keliatan seperti anak anak kota berguman b bukan berarti kamu jelek
2022-10-20 18:39:13+00:00,themaharz,gunung
2022-10-20 18:37:26+00:00,efendimalik,dokumentasi lawu kapan hari itu aku kasih tau kalian khususnya para pendaki tentang mistis lawu yg serem ada point
2022-10-20 18:35:56+00:00,FacktaWaw,tempat dengan gravitasi terendah ada di gunung nevado huascaran peru sementara yang tertinggi ada di arktika
2022-10-20 18:35:31+00:00,lallanaa_,bulan depan kudu naek gunung si
2022-10-20 18:35:25+00:00,rezkyaamerr,harus tetap stabil dan waras karena indomie goreng masih enak masih ada goals yg belum tercapai belum ketemu jodoh belum
2022-10-20 18:35:21+00:00,cinta_surabaya,janganlah kamu mencaci maki sahabat sahabatku kalau ada orang yang menafkahkan emas sebesar gunung uhud tidak akan mencapai satu cupak satu cupak kurang lebih 1 ons atau separonya dari yang telah mereka infakkan mashabih assunnah
2022-10-20 18:33:28+00:00,imas765covers,burung di gunung 8 ball kana yabuki
2022-10-20 18:33:16+00:00,caturazrll,harus tetap stabil dan waras karena indomie goreng masih enak masih ada goals yg belum tercapai belum ketemu jodoh belum
2022-10-20 18:32:13+00:00,rianar__,harus tetap stabil dan waras karena indomie goreng masih enak masih ada goals yg belum tercapai belum ketemu jodoh belum
2022-10-20 18:29:14+00:00,badstoa,a thread ada sesuatu yang janggal pendakian seorang diri di jalur illegal solo hiking di gunung merbabu di malam kabis
2022-10-20 18:28:09+00:00,rizaldi_all,kak udah coba jalan kaki ke gunung sindur belum
2022-10-20 18:27:07+00:00,lhina696,keindahan alam takengon seolah tersembunyi di balik gunung gunung
2022-10-20 18:25:10+00:00,saschya_,harus tetap stabil dan waras karena indomie goreng masih enak masih ada goals yg belum tercapai belum ketemu jodoh belum
2022-10-20 18:24:41+00:00,raverara_,harus tetap stabil dan waras karena indomie goreng masih enak masih ada goals yg belum tercapai belum ketemu jodoh belum
2022-10-20 18:24:25+00:00,Ikaaaaaaaarrr,harus tetap stabil dan waras karena indomie goreng masih enak masih ada goals yg belum tercapai belum ketemu jodoh belum
2022-10-20 18:23:32+00:00,iskacu_14,harus tetap stabil dan waras karena indomie goreng masih enak masih ada goals yg belum tercapai belum ketemu jodoh belum
2022-10-20 18:22:34+00:00,Febriyantisptr1,harus tetap stabil dan waras karena indomie goreng masih enak masih ada goals yg belum tercapai belum ketemu jodoh belum
2022-10-20 18:17:22+00:00,zenfzn,udah ganaek gunung lagi dia ben
2022-10-20 18:16:34+00:00,gksukakulitayam,udah sampe bulan oktober nunggu ajakan dara naik gunung gede pangrango gak ada2
2022-10-20 18:15:44+00:00,meyatime,harus tetap stabil dan waras karena indomie goreng masih enak masih ada goals yg belum tercapai belum ketemu jodoh belum
2022-10-20 18:14:29+00:00,xyz420mA,rasa gunung batu weh
2022-10-20 18:10:45+00:00,airzawaaa,setelah dipikir pikir ini seperti pemandangan dua gunung dengan matahari di tengah dalam versi manusia
2022-10-20 18:10:25+00:00,rousseau_yd,gunung cringe ci
2022-10-20 18:09:51+00:00,grendle_,iya ini di kaki gunung bgt wkwk
2022-10-20 18:09:20+00:00,nosinsnosans,harus tetap stabil dan waras karena indomie goreng masih enak masih ada goals yg belum tercapai belum ketemu jodoh belum
2022-10-20 18:08:19+00:00,MohammadDayatS,inikan puncak gunung es bro bang dodo jg pengen hengkang sebetulnya kan ya bener ga ada pemain yg lbh hebat dr club tp dodo lebih besar drpd eth haha piss banyk loh komen fans cr7 diluar negeri yg bilang dodo lbh besar dr mu ya udah kita nikmati aja perbedaan pandangan ini
2022-10-20 18:06:37+00:00,JehwaTeenager,tak ada gunung yg tak dapat diratakan tak ada masalah yg tak dapat diselesaikan
2022-10-20 18:03:52+00:00,yoqasetiawan,daerah gunung yh adem
2022-10-20 18:03:33+00:00,HarianKalbar,penampakan burung garuda di gunung penanggungan faktanya condor
2022-10-20 18:03:27+00:00,fansgirlnya_kai,harus tetap stabil dan waras karena indomie goreng masih enak masih ada goals yg belum tercapai belum ketemu jodoh belum
2022-10-20 18:03:17+00:00,MrcleU,indonesia menjadi pertemuan tiga lempeng tektonik eurasia indo australia dan pasifik negara ini tanah nya sangat subur
2022-10-20 18:01:02+00:00,KupasGundah,ku takkan dpat meraih puncak gunung jika ku tak mampu taklukkan dinding terjal dibawahnya kupasgundah semangat
2022-10-20 17:59:57+00:00,Tempoyaaak,harus tetap stabil dan waras karena indomie goreng masih enak masih ada goals yg belum tercapai belum ketemu jodoh belum
2022-10-20 17:59:50+00:00,nidharmadepe,harus tetap stabil dan waras karena indomie goreng masih enak masih ada goals yg belum tercapai belum ketemu jodoh belum
2022-10-20 17:59:47+00:00,Kentoo02_,harus tetap stabil dan waras karena indomie goreng masih enak masih ada goals yg belum tercapai belum ketemu jodoh belum
2022-10-20 17:59:21+00:00,djuogja,harus tetap stabil dan waras karena indomie goreng masih enak masih ada goals yg belum tercapai belum ketemu jodoh belum
2022-10-20 17:58:35+00:00,sucirmdhanaaa,harus tetap stabil dan waras karena indomie goreng masih enak masih ada goals yg belum tercapai belum ketemu jodoh belum
2022-10-20 17:57:37+00:00,Jaja_manja,do we really have to show to people how rich we are harta bergunung gunung kau tuh bukan boleh bawa masuk kubur pun chill sudah
2022-10-20 17:57:11+00:00,o2_last,beuhhhh fans numero uno udah turun gunung guys
2022-10-20 17:57:07+00:00,123dd3v1l,njanur gunung
2022-10-20 17:56:52+00:00,DELLlGHT,suka pantai tapi juga sering berkunjung ke gunung
2022-10-20 17:56:27+00:00,JUWANlTA,gunung alasan tenang
2022-10-20 17:55:45+00:00,mayrbelina,harus tetap stabil dan waras karena indomie goreng masih enak masih ada goals yg belum tercapai belum ketemu jodoh belum
2022-10-20 17:53:58+00:00,odyysseeus,harus tetap stabil dan waras karena indomie goreng masih enak masih ada goals yg belum tercapai belum ketemu jodoh belum
2022-10-20 17:53:26+00:00,TerrenceStone2,halo wargamerapi berikut kami sampaikan infografis laporan aktivitas gunung merapi periode pengamatan 19 oktober 2022 pukul
2022-10-20 17:53:02+00:00,Betadineforyou,kaki gunung salak emang selalu bikin idung mampet satu si wkwkwkwk
2022-10-20 17:51:12+00:00,_Sybrhfebrianii,harus tetap stabil dan waras karena indomie goreng masih enak masih ada goals yg belum tercapai belum ketemu jodoh belum
2022-10-20 17:50:20+00:00,Rahmat_Habibie,harus tetap stabil dan waras karena indomie goreng masih enak masih ada goals yg belum tercapai belum ketemu jodoh belum
2022-10-20 17:48:51+00:00,Maryllianne,rek minta rekomendasi hotel di malang yg viewnya deket gunung dong kalo di batu mahal2 tp kalo malang kayanya ada kyk ibis
2022-10-20 17:48:24+00:00,teguuuuuh6,nak gunung mas bambang nihh
2022-10-20 17:47:16+00:00,alyssaicaaa,harus tetap stabil dan waras karena indomie goreng masih enak masih ada goals yg belum tercapai belum ketemu jodoh belum
2022-10-20 17:45:58+00:00,Bambang77197468,sama apa beda orang dgn yg dibwh ini ibarat gunung berapi yg akan meletus tanda2 awal gejala alam pasti nampak
2022-10-20 17:45:04+00:00,Withdayy6,bener bngttt pas msih kuliah di korea tiap hari jalan rada naik gunung dikitt tapi bb turunn dan muka jdi seger bngtt padahl porsi makan nambah tau kan gimana gede nya satu porsi di korea belum lagii suka street food sama snacking malam gitu
2022-10-20 17:43:29+00:00,SangLangit01,bersaksi gunung seminung bercermin danau ranau itu ijazah asli aspal atau palsu
2022-10-20 17:42:44+00:00,titaadst,harus tetap stabil dan waras karena indomie goreng masih enak masih ada goals yg belum tercapai belum ketemu jodoh belum
2022-10-20 17:42:01+00:00,sherenist,tempat dimana gunung yang jauh dan
2022-10-20 17:41:57+00:00,FemaleProducts,rekomendasi sandal gunung a thread
